X,Y,R,G,B,Hex
964,950,1,241,0,#01f100
41,970,2,243,0,#02f300
915,819,3,242,0,#03f200
246,900,4,244,0,#04f400
182,108,5,241,0,#05f100
452,37,6,248,0,#06f800
493,972,7,246,0,#07f600
931,490,8,247,0,#08f700
65,484,9,252,0,#09fc00
145,804,10,250,0,#0afa00
631,73,11,251,0,#0bfb00
952,310,12,249,0,#0cf900
